bed_size_category,hospital_count,loss_hospital_count,total_net_income,average_net_income
1 - 49,78,17,215297027,2760218.294871795
100 - 149,63,28,329363164,5227986.73015873
50 - 99,70,29,357979017,5113985.957142857
150 - 199,48,14,942361972,19632541.083333332
200 - 299,62,17,1024710929,16527595.629032258
300 - 499,77,26,4559920182,59219742.62337662
500 +,37,5,6519767360,176209928.64864865
