loss_driver,hospital_count,total_net_income,average_net_income
High cost structure,57,-2101586205,-36869933.421052635
Low utilization,37,-322212445,-8708444.45945946
Profitable,341,16373198301,48015244.284457475
